id,first_name,last_name,email,gender,ip_address
1,Law,Asee,lasee0@github.com,Agender,231.6.165.218
2,Bili,Gerdts,bgerdts1@lycos.com,Female,108.188.164.61
3,Prisca,De Bruijne,pdebruijne2@clickbank.net,Female,190.84.9.26
4,Karlee,Cage,kcage3@rambler.ru,Female,133.112.133.10
5,Gannie,Lambell,glambell4@cornell.edu,Male,94.83.187.4
6,Hamlen,Hollebon,hhollebon5@parallels.com,Male,99.50.91.200
7,Jerri,Sprionghall,jsprionghall6@arstechnica.com,Male,116.46.23.231
8,Shelba,Pescott,spescott7@trellian.com,Polygender,125.176.75.100
9,Roseann,Shelbourne,rshelbourne8@fda.gov,Female,104.254.206.4
10,Isadore,Casarili,icasarili9@cisco.com,Male,36.31.21.98
11,Jacquette,Crimes,jcrimesa@washingtonpost.com,Female,96.191.225.81
12,Lorne,Bassick,lbassickb@freewebs.com,Male,6.43.5.235
13,Nahum,Garnar,ngarnarc@senate.gov,Male,232.163.93.9
14,Aharon,Grishagin,agrishagind@mlb.com,Male,194.123.182.176
15,Lynn,Lidgey,llidgeye@netlog.com,Male,48.30.84.28
16,Sammie,Piniur,spiniurf@mashable.com,Male,185.74.157.2
17,Ingra,Mariette,imarietteg@moonfruit.com,Male,204.2.100.15
18,Farra,Gault,fgaulth@ebay.co.uk,Female,221.62.25.137
19,Zollie,Henaughan,zhenaughani@facebook.com,Male,132.190.109.43
20,Antons,Pydcock,apydcockj@google.ca,Male,166.137.204.45
