id,first_name,last_name,email,gender,ip_address
1,Cheri,Avarne,cavarne0@yale.edu,Female,71.161.200.116
2,Maxwell,Rangle,mrangle1@scientificamerican.com,Male,120.62.188.60
3,Paddie,Gettins,pgettins2@yahoo.co.jp,Male,212.28.143.54
4,Chaim,Storrier,cstorrier3@wsj.com,Male,21.219.85.39
5,Orville,Grundey,ogrundey4@paginegialle.it,Male,98.151.104.97
6,Pennie,Mordaunt,pmordaunt5@feedburner.com,Male,127.1.37.134
7,Pippo,Biggans,pbiggans6@sun.com,Male,92.197.192.155
8,Liliane,Craighall,lcraighall7@discuz.net,Female,184.113.217.126
9,Betti,Titchen,btitchen8@sina.com.cn,Female,82.127.247.195
10,Buck,Slora,bslora9@so-net.ne.jp,Male,247.107.22.36
11,Suzy,Cutriss,scutrissa@sogou.com,Genderfluid,131.250.128.205
12,Chilton,Laxson,claxsonb@angelfire.com,Male,133.13.133.210
13,Arlan,Seyffert,aseyffertc@cbslocal.com,Male,5.46.145.219
14,Almeria,Thurber,athurberd@nba.com,Female,245.225.240.145
15,Koenraad,Edlington,kedlingtone@tiny.cc,Male,178.137.133.185
16,Mariann,Ambrogio,mambrogiof@disqus.com,Polygender,116.239.23.249
17,Elfie,Lorek,elorekg@columbia.edu,Female,255.246.71.159
18,Arthur,Kynder,akynderh@csmonitor.com,Male,212.216.107.79
19,Christopher,Sparkwill,csparkwilli@is.gd,Male,151.57.140.39
20,Vonnie,Ventris,vventrisj@posterous.com,Female,141.106.212.184
