id,first_name,last_name,email,gender,ip_address
1,Shadow,Chamley,schamley0@pinterest.com,Male,12.233.120.222
2,Kameko,Pencot,kpencot1@who.int,Female,156.55.236.15
3,Alan,Fassan,afassan2@purevolume.com,Non-binary,28.27.143.38
4,Perl,Lanmeid,planmeid3@slashdot.org,Female,151.17.9.10
5,Rudolph,Mound,rmound4@hibu.com,Male,216.5.30.216
6,Quinta,Burge,qburge5@icio.us,Female,190.189.208.62
7,Mable,Service,mservice6@trellian.com,Female,203.158.208.50
8,Ozzy,Waulker,owaulker7@barnesandnoble.com,Male,72.62.204.34
9,Abby,Tenpenny,atenpenny8@statcounter.com,Male,46.50.113.212
10,Cate,Mohun,cmohun9@yellowbook.com,Female,25.9.253.107
11,Towney,O'Nowlan,tonowlana@nifty.com,Male,1.151.149.170
12,Joshuah,Marczyk,jmarczykb@wikispaces.com,Male,224.63.247.135
13,Kris,Scherme,kschermec@t-online.de,Non-binary,52.113.69.29
14,Toma,MacMearty,tmacmeartyd@apache.org,Polygender,242.219.254.156
15,Loralyn,Stillgoe,lstillgoee@sciencedaily.com,Genderfluid,211.101.125.32
16,Keri,Matiewe,kmatiewef@123-reg.co.uk,Female,107.7.254.165
17,Kingston,Beacock,kbeacockg@arstechnica.com,Male,237.203.57.237
18,Jeffie,Biesty,jbiestyh@nbcnews.com,Male,205.217.103.137
19,Kristo,Charte,kchartei@nyu.edu,Male,145.54.92.54
20,Carissa,Dyet,cdyetj@uol.com.br,Female,134.96.76.122
